{"cameraMode":{"drawMode":0,"name":"Shaded","section":"Shading Mode"},"sceneLighting":true,"audioPlay":false,"sceneViewState":{"m_AlwaysRefresh":false,"showFog":true,"showSkybox":true,"showFlares":true,"showImageEffects":true,"showParticleSystems":true,"showVisualEffectGraphs":true,"m_FxEnabled":true},"in2DMode":false,"pivot":{"x":11.865581512451172,"y":1.0294197797775269,"z":12.783010482788086},"rotation":{"x":0.02016591466963291,"y":0.3724620044231415,"z":-0.008595929481089116,"w":0.9280450344085693},"size":12.12435531616211,"orthographic":false}