{"cameraMode":{"drawMode":0,"name":"Shaded","section":"Shading Mode"},"sceneLighting":true,"audioPlay":false,"sceneViewState":{"m_AlwaysRefresh":false,"showFog":true,"showSkybox":true,"showFlares":true,"showImageEffects":true,"showParticleSystems":true,"showVisualEffectGraphs":true,"m_FxEnabled":true},"in2DMode":false,"pivot":{"x":4.780612945556641,"y":-0.7108047008514404,"z":10.735758781433106},"rotation":{"x":0.034621644765138629,"y":0.18729788064956666,"z":-0.0075181047432124619,"w":0.9819501042366028},"size":12.12435531616211,"orthographic":false}